Year,Year ending,Local Government Area,Sex,Alleged Offender Incidents
2022,December,Alpine,Females,42
2022,December,Alpine,Males,133
2022,December,Ararat,Females,117
2022,December,Ararat,Males,418
2022,December,Ballarat,Females,773
2022,December,Ballarat,Males,"2,649"
2022,December,Banyule,Females,627
2022,December,Banyule,Males,"2,148"
2022,December,Bass Coast,Females,300
2022,December,Bass Coast,Males,852
2022,December,Baw Baw,Females,411
2022,December,Baw Baw,Males,"1,237"
2022,December,Bayside,Females,245
2022,December,Bayside,Males,"1,127"
2022,December,Benalla,Females,98
2022,December,Benalla,Males,463
2022,December,Boroondara,Females,344
2022,December,Boroondara,Males,"1,475"
2022,December,Brimbank,Females,"1,056"
2022,December,Brimbank,Males,"4,367"
2022,December,Buloke,Females,28
2022,December,Buloke,Males,110
2022,December,Campaspe,Females,249
2022,December,Campaspe,Males,964
2022,December,Cardinia,Females,514
2022,December,Cardinia,Males,"1,836"
2022,December,Casey,Females,"1,543"
2022,December,Casey,Males,"5,951"
2022,December,Central Goldfields,Females,87
2022,December,Central Goldfields,Males,356
2022,December,Colac-Otway,Females,143
2022,December,Colac-Otway,Males,477
2022,December,Corangamite,Females,49
2022,December,Corangamite,Males,228
2022,December,Darebin,Females,856
2022,December,Darebin,Males,"3,080"
2022,December,East Gippsland,Females,454
2022,December,East Gippsland,Males,"1,504"
2022,December,Frankston,Females,"1,186"
2022,December,Frankston,Males,"3,760"
2022,December,Gannawarra,Females,81
2022,December,Gannawarra,Males,195
2022,December,Glen Eira,Females,378
2022,December,Glen Eira,Males,"1,517"
2022,December,Glenelg,Females,153
2022,December,Glenelg,Males,554
2022,December,Golden Plains,Females,31
2022,December,Golden Plains,Males,134
2022,December,Greater Bendigo,Females,847
2022,December,Greater Bendigo,Males,"2,894"
2022,December,Greater Dandenong,Females,"1,120"
2022,December,Greater Dandenong,Males,"4,973"
2022,December,Greater Geelong,Females,"1,515"
2022,December,Greater Geelong,Males,"5,235"
2022,December,Greater Shepparton,Females,691
2022,December,Greater Shepparton,Males,"2,446"
2022,December,Hepburn,Females,26
2022,December,Hepburn,Males,139
2022,December,Hindmarsh,Females,27
2022,December,Hindmarsh,Males,96
2022,December,Hobsons Bay,Females,410
2022,December,Hobsons Bay,Males,"1,634"
2022,December,Horsham,Females,215
2022,December,Horsham,Males,722
2022,December,Hume,Females,"1,169"
2022,December,Hume,Males,"4,920"
2022,December,Indigo,Females,47
2022,December,Indigo,Males,215
2022,December,Kingston,Females,735
2022,December,Kingston,Males,"2,617"
2022,December,Knox,Females,796
2022,December,Knox,Males,"2,666"
2022,December,Latrobe,Females,"1,259"
2022,December,Latrobe,Males,"3,528"
2022,December,Loddon,Females,33
2022,December,Loddon,Males,137
2022,December,Macedon Ranges,Females,137
2022,December,Macedon Ranges,Males,550
2022,December,Manningham,Females,267
2022,December,Manningham,Males,938
2022,December,Mansfield,Females,19
2022,December,Mansfield,Males,113
2022,December,Maribyrnong,Females,520
2022,December,Maribyrnong,Males,"2,054"
2022,December,Maroondah,Females,705
2022,December,Maroondah,Males,"2,283"
2022,December,Melbourne,Females,"2,139"
2022,December,Melbourne,Males,"8,381"
2022,December,Melton,Females,810
2022,December,Melton,Males,"3,028"
2022,December,Merri-bek,Females,658
2022,December,Merri-bek,Males,"2,633"
2022,December,Mildura,Females,862
2022,December,Mildura,Males,"2,223"
2022,December,Mitchell,Females,271
2022,December,Mitchell,Males,"1,129"
2022,December,Moira,Females,152
2022,December,Moira,Males,623
2022,December,Monash,Females,645
2022,December,Monash,Males,"2,565"
2022,December,Moonee Valley,Females,518
2022,December,Moonee Valley,Males,"2,021"
2022,December,Moorabool,Females,114
2022,December,Moorabool,Males,609
2022,December,Mornington Peninsula,Females,701
2022,December,Mornington Peninsula,Males,"2,698"
2022,December,Mount Alexander,Females,50
2022,December,Mount Alexander,Males,306
2022,December,Moyne,Females,50
2022,December,Moyne,Males,192
2022,December,Murrindindi,Females,53
2022,December,Murrindindi,Males,253
2022,December,Nillumbik,Females,85
2022,December,Nillumbik,Males,454
2022,December,Northern Grampians,Females,85
2022,December,Northern Grampians,Males,388
2022,December,Port Phillip,Females,655
2022,December,Port Phillip,Males,"2,578"
2022,December,Pyrenees,Females,21
2022,December,Pyrenees,Males,95
2022,December,Queenscliffe,Females,
2022,December,Queenscliffe,Males,
2022,December,South Gippsland,Females,135
2022,December,South Gippsland,Males,544
2022,December,Southern Grampians,Females,131
2022,December,Southern Grampians,Males,355
2022,December,Stonnington,Females,570
2022,December,Stonnington,Males,"2,570"
2022,December,Strathbogie,Females,39
2022,December,Strathbogie,Males,144
2022,December,Surf Coast,Females,103
2022,December,Surf Coast,Males,275
2022,December,Swan Hill,Females,239
2022,December,Swan Hill,Males,733
2022,December,Towong,Females,15
2022,December,Towong,Males,44
2022,December,Wangaratta,Females,245
2022,December,Wangaratta,Males,758
2022,December,Warrnambool,Females,249
2022,December,Warrnambool,Males,992
2022,December,Wellington,Females,437
2022,December,Wellington,Males,"1,362"
2022,December,West Wimmera,Females,12
2022,December,West Wimmera,Males,25
2022,December,Whitehorse,Females,444
2022,December,Whitehorse,Males,"1,682"
2022,December,Whittlesea,Females,"1,073"
2022,December,Whittlesea,Males,"3,648"
2022,December,Wodonga,Females,353
2022,December,Wodonga,Males,"1,000"
2022,December,Wyndham,Females,"1,286"
2022,December,Wyndham,Males,"4,768"
2022,December,Yarra,Females,645
2022,December,Yarra,Males,"2,427"
2022,December,Yarra Ranges,Females,567
2022,December,Yarra Ranges,Males,"2,018"
2022,December,Yarriambiack,Females,32
2022,December,Yarriambiack,Males,122
2021,December,Alpine,Females,46
2021,December,Alpine,Males,202
2021,December,Ararat,Females,128
2021,December,Ararat,Males,482
2021,December,Ballarat,Females,694
2021,December,Ballarat,Males,"2,208"
2021,December,Banyule,Females,602
2021,December,Banyule,Males,"1,849"
2021,December,Bass Coast,Females,314
2021,December,Bass Coast,Males,772
2021,December,Baw Baw,Females,390
2021,December,Baw Baw,Males,"1,339"
2021,December,Bayside,Females,231
2021,December,Bayside,Males,917
2021,December,Benalla,Females,95
2021,December,Benalla,Males,444
2021,December,Boroondara,Females,327
2021,December,Boroondara,Males,"1,376"
2021,December,Brimbank,Females,930
2021,December,Brimbank,Males,"3,788"
2021,December,Buloke,Females,12
2021,December,Buloke,Males,81
2021,December,Campaspe,Females,233
2021,December,Campaspe,Males,931
2021,December,Cardinia,Females,475
2021,December,Cardinia,Males,"1,712"
2021,December,Casey,Females,"1,239"
2021,December,Casey,Males,"4,924"
2021,December,Central Goldfields,Females,115
2021,December,Central Goldfields,Males,314
2021,December,Colac-Otway,Females,147
2021,December,Colac-Otway,Males,578
2021,December,Corangamite,Females,41
2021,December,Corangamite,Males,236
2021,December,Darebin,Females,875
2021,December,Darebin,Males,"2,973"
2021,December,East Gippsland,Females,480
2021,December,East Gippsland,Males,"1,399"
2021,December,Frankston,Females,"1,044"
2021,December,Frankston,Males,"3,413"
2021,December,Gannawarra,Females,67
2021,December,Gannawarra,Males,239
2021,December,Glen Eira,Females,359
2021,December,Glen Eira,Males,"1,375"
2021,December,Glenelg,Females,154
2021,December,Glenelg,Males,552
2021,December,Golden Plains,Females,25
2021,December,Golden Plains,Males,140
2021,December,Greater Bendigo,Females,766
2021,December,Greater Bendigo,Males,"2,912"
2021,December,Greater Dandenong,Females,"1,022"
2021,December,Greater Dandenong,Males,"4,075"
2021,December,Greater Geelong,Females,"1,481"
2021,December,Greater Geelong,Males,"4,996"
2021,December,Greater Shepparton,Females,629
2021,December,Greater Shepparton,Males,"2,325"
2021,December,Hepburn,Females,39
2021,December,Hepburn,Males,137
2021,December,Hindmarsh,Females,18
2021,December,Hindmarsh,Males,122
2021,December,Hobsons Bay,Females,402
2021,December,Hobsons Bay,Males,"1,356"
2021,December,Horsham,Females,199
2021,December,Horsham,Males,671
2021,December,Hume,Females,"1,086"
2021,December,Hume,Males,"4,574"
2021,December,Indigo,Females,31
2021,December,Indigo,Males,138
2021,December,Kingston,Females,640
2021,December,Kingston,Males,"2,182"
2021,December,Knox,Females,729
2021,December,Knox,Males,"2,552"
2021,December,Latrobe,Females,"1,159"
2021,December,Latrobe,Males,"3,412"
2021,December,Loddon,Females,56
2021,December,Loddon,Males,136
2021,December,Macedon Ranges,Females,160
2021,December,Macedon Ranges,Males,687
2021,December,Manningham,Females,257
2021,December,Manningham,Males,933
2021,December,Mansfield,Females,37
2021,December,Mansfield,Males,170
2021,December,Maribyrnong,Females,424
2021,December,Maribyrnong,Males,"1,778"
2021,December,Maroondah,Females,577
2021,December,Maroondah,Males,"1,956"
2021,December,Melbourne,Females,"2,448"
2021,December,Melbourne,Males,"8,479"
2021,December,Melton,Females,660
2021,December,Melton,Males,"2,733"
2021,December,Merri-bek,Females,556
2021,December,Merri-bek,Males,"2,465"
2021,December,Mildura,Females,621
2021,December,Mildura,Males,"1,904"
2021,December,Mitchell,Females,263
2021,December,Mitchell,Males,"1,146"
2021,December,Moira,Females,174
2021,December,Moira,Males,723
2021,December,Monash,Females,672
2021,December,Monash,Males,"2,492"
2021,December,Moonee Valley,Females,478
2021,December,Moonee Valley,Males,"1,788"
2021,December,Moorabool,Females,152
2021,December,Moorabool,Males,600
2021,December,Mornington Peninsula,Females,696
2021,December,Mornington Peninsula,Males,"2,666"
2021,December,Mount Alexander,Females,77
2021,December,Mount Alexander,Males,308
2021,December,Moyne,Females,45
2021,December,Moyne,Males,242
2021,December,Murrindindi,Females,39
2021,December,Murrindindi,Males,249
2021,December,Nillumbik,Females,128
2021,December,Nillumbik,Males,523
2021,December,Northern Grampians,Females,95
2021,December,Northern Grampians,Males,414
2021,December,Port Phillip,Females,681
2021,December,Port Phillip,Males,"2,452"
2021,December,Pyrenees,Females,25
2021,December,Pyrenees,Males,116
2021,December,Queenscliffe,Females,4
2021,December,Queenscliffe,Males,24
2021,December,South Gippsland,Females,121
2021,December,South Gippsland,Males,472
2021,December,Southern Grampians,Females,114
2021,December,Southern Grampians,Males,353
2021,December,Stonnington,Females,545
2021,December,Stonnington,Males,"2,227"
2021,December,Strathbogie,Females,44
2021,December,Strathbogie,Males,157
2021,December,Surf Coast,Females,111
2021,December,Surf Coast,Males,380
2021,December,Swan Hill,Females,284
2021,December,Swan Hill,Males,856
2021,December,Towong,Females,16
2021,December,Towong,Males,55
2021,December,Wangaratta,Females,209
2021,December,Wangaratta,Males,759
2021,December,Warrnambool,Females,310
2021,December,Warrnambool,Males,868
2021,December,Wellington,Females,394
2021,December,Wellington,Males,"1,223"
2021,December,West Wimmera,Females,15
2021,December,West Wimmera,Males,65
2021,December,Whitehorse,Females,459
2021,December,Whitehorse,Males,"1,678"
2021,December,Whittlesea,Females,973
2021,December,Whittlesea,Males,"3,577"
2021,December,Wodonga,Females,280
2021,December,Wodonga,Males,982
2021,December,Wyndham,Females,973
2021,December,Wyndham,Males,"3,894"
2021,December,Yarra,Females,691
2021,December,Yarra,Males,"2,644"
2021,December,Yarra Ranges,Females,495
2021,December,Yarra Ranges,Males,"1,854"
2021,December,Yarriambiack,Females,42
2021,December,Yarriambiack,Males,115
2020,December,Alpine,Females,41
2020,December,Alpine,Males,199
2020,December,Ararat,Females,173
2020,December,Ararat,Males,444
2020,December,Ballarat,Females,844
2020,December,Ballarat,Males,"2,570"
2020,December,Banyule,Females,736
2020,December,Banyule,Males,"2,552"
2020,December,Bass Coast,Females,227
2020,December,Bass Coast,Males,884
2020,December,Baw Baw,Females,454
2020,December,Baw Baw,Males,"1,525"
2020,December,Bayside,Females,376
2020,December,Bayside,Males,"1,225"
2020,December,Benalla,Females,115
2020,December,Benalla,Males,370
2020,December,Boroondara,Females,433
2020,December,Boroondara,Males,"1,733"
2020,December,Brimbank,Females,"1,575"
2020,December,Brimbank,Males,"6,021"
2020,December,Buloke,Females,33
2020,December,Buloke,Males,127
2020,December,Campaspe,Females,249
2020,December,Campaspe,Males,"1,094"
2020,December,Cardinia,Females,678
2020,December,Cardinia,Males,"2,451"
2020,December,Casey,Females,"1,897"
2020,December,Casey,Males,"7,071"
2020,December,Central Goldfields,Females,126
2020,December,Central Goldfields,Males,382
2020,December,Colac-Otway,Females,146
2020,December,Colac-Otway,Males,617
2020,December,Corangamite,Females,91
2020,December,Corangamite,Males,263
2020,December,Darebin,Females,"1,151"
2020,December,Darebin,Males,"4,143"
2020,December,East Gippsland,Females,518
2020,December,East Gippsland,Males,"1,740"
2020,December,Frankston,Females,"1,388"
2020,December,Frankston,Males,"4,843"
2020,December,Gannawarra,Females,114
2020,December,Gannawarra,Males,309
2020,December,Glen Eira,Females,531
2020,December,Glen Eira,Males,"1,804"
2020,December,Glenelg,Females,128
2020,December,Glenelg,Males,521
2020,December,Golden Plains,Females,33
2020,December,Golden Plains,Males,154
2020,December,Greater Bendigo,Females,890
2020,December,Greater Bendigo,Males,"3,193"
2020,December,Greater Dandenong,Females,"1,494"
2020,December,Greater Dandenong,Males,"6,267"
2020,December,Greater Geelong,Females,"1,852"
2020,December,Greater Geelong,Males,"5,865"
2020,December,Greater Shepparton,Females,727
2020,December,Greater Shepparton,Males,"2,503"
2020,December,Hepburn,Females,65
2020,December,Hepburn,Males,213
2020,December,Hindmarsh,Females,28
2020,December,Hindmarsh,Males,123
2020,December,Hobsons Bay,Females,453
2020,December,Hobsons Bay,Males,"1,746"
2020,December,Horsham,Females,221
2020,December,Horsham,Males,670
2020,December,Hume,Females,"1,823"
2020,December,Hume,Males,"6,976"
2020,December,Indigo,Females,35
2020,December,Indigo,Males,168
2020,December,Kingston,Females,931
2020,December,Kingston,Males,"3,102"
2020,December,Knox,Females,869
2020,December,Knox,Males,"3,088"
2020,December,Latrobe,Females,"1,355"
2020,December,Latrobe,Males,"4,040"
2020,December,Loddon,Females,44
2020,December,Loddon,Males,153
2020,December,Macedon Ranges,Females,215
2020,December,Macedon Ranges,Males,849
2020,December,Manningham,Females,290
2020,December,Manningham,Males,"1,153"
2020,December,Mansfield,Females,40
2020,December,Mansfield,Males,150
2020,December,Maribyrnong,Females,605
2020,December,Maribyrnong,Males,"2,377"
2020,December,Maroondah,Females,611
2020,December,Maroondah,Males,"2,215"
2020,December,Melbourne,Females,"3,300"
2020,December,Melbourne,Males,"11,070"
2020,December,Melton,Females,899
2020,December,Melton,Males,"3,741"
2020,December,Merri-bek,Females,810
2020,December,Merri-bek,Males,"3,531"
2020,December,Mildura,Females,690
2020,December,Mildura,Males,"2,143"
2020,December,Mitchell,Females,404
2020,December,Mitchell,Males,"1,422"
2020,December,Moira,Females,172
2020,December,Moira,Males,681
2020,December,Monash,Females,865
2020,December,Monash,Males,"3,124"
2020,December,Moonee Valley,Females,607
2020,December,Moonee Valley,Males,"2,382"
2020,December,Moorabool,Females,212
2020,December,Moorabool,Males,842
2020,December,Mornington Peninsula,Females,"1,012"
2020,December,Mornington Peninsula,Males,"3,532"
2020,December,Mount Alexander,Females,71
2020,December,Mount Alexander,Males,287
2020,December,Moyne,Females,47
2020,December,Moyne,Males,222
2020,December,Murrindindi,Females,63
2020,December,Murrindindi,Males,262
2020,December,Nillumbik,Females,164
2020,December,Nillumbik,Males,633
2020,December,Northern Grampians,Females,115
2020,December,Northern Grampians,Males,379
2020,December,Port Phillip,Females,914
2020,December,Port Phillip,Males,"3,440"
2020,December,Pyrenees,Females,27
2020,December,Pyrenees,Males,127
2020,December,Queenscliffe,Females,
2020,December,Queenscliffe,Males,
2020,December,South Gippsland,Females,130
2020,December,South Gippsland,Males,556
2020,December,Southern Grampians,Females,126
2020,December,Southern Grampians,Males,391
2020,December,Stonnington,Females,856
2020,December,Stonnington,Males,"3,089"
2020,December,Strathbogie,Females,40
2020,December,Strathbogie,Males,174
2020,December,Surf Coast,Females,98
2020,December,Surf Coast,Males,411
2020,December,Swan Hill,Females,263
2020,December,Swan Hill,Males,866
2020,December,Towong,Females,5
2020,December,Towong,Males,54
2020,December,Wangaratta,Females,217
2020,December,Wangaratta,Males,767
2020,December,Warrnambool,Females,329
2020,December,Warrnambool,Males,"1,042"
2020,December,Wellington,Females,452
2020,December,Wellington,Males,"1,456"
2020,December,West Wimmera,Females,9
2020,December,West Wimmera,Males,63
2020,December,Whitehorse,Females,606
2020,December,Whitehorse,Males,"2,194"
2020,December,Whittlesea,Females,"1,314"
2020,December,Whittlesea,Males,"5,112"
2020,December,Wodonga,Females,321
2020,December,Wodonga,Males,"1,127"
2020,December,Wyndham,Females,"1,287"
2020,December,Wyndham,Males,"5,451"
2020,December,Yarra,Females,993
2020,December,Yarra,Males,"3,878"
2020,December,Yarra Ranges,Females,692
2020,December,Yarra Ranges,Males,"2,551"
2020,December,Yarriambiack,Females,53
2020,December,Yarriambiack,Males,143
2019,December,Alpine,Females,36
2019,December,Alpine,Males,211
2019,December,Ararat,Females,108
2019,December,Ararat,Males,348
2019,December,Ballarat,Females,788
2019,December,Ballarat,Males,"2,351"
2019,December,Banyule,Females,650
2019,December,Banyule,Males,"2,285"
2019,December,Bass Coast,Females,175
2019,December,Bass Coast,Males,649
2019,December,Baw Baw,Females,327
2019,December,Baw Baw,Males,"1,278"
2019,December,Bayside,Females,247
2019,December,Bayside,Males,901
2019,December,Benalla,Females,116
2019,December,Benalla,Males,438
2019,December,Boroondara,Females,303
2019,December,Boroondara,Males,"1,313"
2019,December,Brimbank,Females,"1,291"
2019,December,Brimbank,Males,"4,651"
2019,December,Buloke,Females,9
2019,December,Buloke,Males,75
2019,December,Campaspe,Females,302
2019,December,Campaspe,Males,"1,012"
2019,December,Cardinia,Females,443
2019,December,Cardinia,Males,"1,809"
2019,December,Casey,Females,"1,510"
2019,December,Casey,Males,"5,467"
2019,December,Central Goldfields,Females,125
2019,December,Central Goldfields,Males,331
2019,December,Colac-Otway,Females,126
2019,December,Colac-Otway,Males,488
2019,December,Corangamite,Females,49
2019,December,Corangamite,Males,194
2019,December,Darebin,Females,829
2019,December,Darebin,Males,"2,726"
2019,December,East Gippsland,Females,470
2019,December,East Gippsland,Males,"1,411"
2019,December,Frankston,Females,"1,188"
2019,December,Frankston,Males,"3,899"
2019,December,Gannawarra,Females,70
2019,December,Gannawarra,Males,305
2019,December,Glen Eira,Females,311
2019,December,Glen Eira,Males,"1,328"
2019,December,Glenelg,Females,124
2019,December,Glenelg,Males,503
2019,December,Golden Plains,Females,29
2019,December,Golden Plains,Males,126
2019,December,Greater Bendigo,Females,835
2019,December,Greater Bendigo,Males,"3,131"
2019,December,Greater Dandenong,Females,"1,320"
2019,December,Greater Dandenong,Males,"4,855"
2019,December,Greater Geelong,Females,"1,687"
2019,December,Greater Geelong,Males,"5,048"
2019,December,Greater Shepparton,Females,619
2019,December,Greater Shepparton,Males,"2,299"
2019,December,Hepburn,Females,53
2019,December,Hepburn,Males,223
2019,December,Hindmarsh,Females,15
2019,December,Hindmarsh,Males,95
2019,December,Hobsons Bay,Females,367
2019,December,Hobsons Bay,Males,"1,703"
2019,December,Horsham,Females,202
2019,December,Horsham,Males,587
2019,December,Hume,Females,"1,292"
2019,December,Hume,Males,"5,380"
2019,December,Indigo,Females,23
2019,December,Indigo,Males,136
2019,December,Kingston,Females,787
2019,December,Kingston,Males,"2,745"
2019,December,Knox,Females,739
2019,December,Knox,Males,"2,721"
2019,December,Latrobe,Females,"1,249"
2019,December,Latrobe,Males,"3,702"
2019,December,Loddon,Females,34
2019,December,Loddon,Males,107
2019,December,Macedon Ranges,Females,126
2019,December,Macedon Ranges,Males,616
2019,December,Manningham,Females,287
2019,December,Manningham,Males,"1,007"
2019,December,Mansfield,Females,28
2019,December,Mansfield,Males,133
2019,December,Maribyrnong,Females,453
2019,December,Maribyrnong,Males,"2,003"
2019,December,Maroondah,Females,630
2019,December,Maroondah,Males,"2,057"
2019,December,Melbourne,Females,"2,284"
2019,December,Melbourne,Males,"9,206"
2019,December,Melton,Females,714
2019,December,Melton,Males,"2,525"
2019,December,Merri-bek,Females,693
2019,December,Merri-bek,Males,"2,821"
2019,December,Mildura,Females,793
2019,December,Mildura,Males,"2,138"
2019,December,Mitchell,Females,299
2019,December,Mitchell,Males,"1,268"
2019,December,Moira,Females,163
2019,December,Moira,Males,723
2019,December,Monash,Females,691
2019,December,Monash,Males,"2,428"
2019,December,Moonee Valley,Females,505
2019,December,Moonee Valley,Males,"1,873"
2019,December,Moorabool,Females,118
2019,December,Moorabool,Males,490
2019,December,Mornington Peninsula,Females,707
2019,December,Mornington Peninsula,Males,"2,889"
2019,December,Mount Alexander,Females,79
2019,December,Mount Alexander,Males,338
2019,December,Moyne,Females,48
2019,December,Moyne,Males,220
2019,December,Murrindindi,Females,68
2019,December,Murrindindi,Males,216
2019,December,Nillumbik,Females,136
2019,December,Nillumbik,Males,558
2019,December,Northern Grampians,Females,79
2019,December,Northern Grampians,Males,356
2019,December,Port Phillip,Females,684
2019,December,Port Phillip,Males,"2,586"
2019,December,Pyrenees,Females,29
2019,December,Pyrenees,Males,153
2019,December,Queenscliffe,Females,4
2019,December,Queenscliffe,Males,28
2019,December,South Gippsland,Females,127
2019,December,South Gippsland,Males,454
2019,December,Southern Grampians,Females,124
2019,December,Southern Grampians,Males,400
2019,December,Stonnington,Females,581
2019,December,Stonnington,Males,"2,170"
2019,December,Strathbogie,Females,46
2019,December,Strathbogie,Males,136
2019,December,Surf Coast,Females,67
2019,December,Surf Coast,Males,292
2019,December,Swan Hill,Females,235
2019,December,Swan Hill,Males,796
2019,December,Towong,Females,8
2019,December,Towong,Males,53
2019,December,Wangaratta,Females,193
2019,December,Wangaratta,Males,709
2019,December,Warrnambool,Females,319
2019,December,Warrnambool,Males,"1,123"
2019,December,Wellington,Females,365
2019,December,Wellington,Males,"1,268"
2019,December,West Wimmera,Females,12
2019,December,West Wimmera,Males,38
2019,December,Whitehorse,Females,593
2019,December,Whitehorse,Males,"1,741"
2019,December,Whittlesea,Females,"1,047"
2019,December,Whittlesea,Males,"3,991"
2019,December,Wodonga,Females,229
2019,December,Wodonga,Males,956
2019,December,Wyndham,Females,"1,038"
2019,December,Wyndham,Males,"4,154"
2019,December,Yarra,Females,624
2019,December,Yarra,Males,"2,691"
2019,December,Yarra Ranges,Females,472
2019,December,Yarra Ranges,Males,"2,039"
2019,December,Yarriambiack,Females,41
2019,December,Yarriambiack,Males,115
2018,December,Alpine,Females,40
2018,December,Alpine,Males,163
2018,December,Ararat,Females,126
2018,December,Ararat,Males,378
2018,December,Ballarat,Females,727
2018,December,Ballarat,Males,"2,423"
2018,December,Banyule,Females,671
2018,December,Banyule,Males,"2,196"
2018,December,Bass Coast,Females,200
2018,December,Bass Coast,Males,607
2018,December,Baw Baw,Females,285
2018,December,Baw Baw,Males,"1,179"
2018,December,Bayside,Females,230
2018,December,Bayside,Males,950
2018,December,Benalla,Females,99
2018,December,Benalla,Males,360
2018,December,Boroondara,Females,275
2018,December,Boroondara,Males,"1,274"
2018,December,Brimbank,Females,"1,179"
2018,December,Brimbank,Males,"4,583"
2018,December,Buloke,Females,11
2018,December,Buloke,Males,60
2018,December,Campaspe,Females,265
2018,December,Campaspe,Males,874
2018,December,Cardinia,Females,397
2018,December,Cardinia,Males,"1,519"
2018,December,Casey,Females,"1,299"
2018,December,Casey,Males,"5,276"
2018,December,Central Goldfields,Females,137
2018,December,Central Goldfields,Males,446
2018,December,Colac-Otway,Females,106
2018,December,Colac-Otway,Males,488
2018,December,Corangamite,Females,60
2018,December,Corangamite,Males,189
2018,December,Darebin,Females,795
2018,December,Darebin,Males,"2,801"
2018,December,East Gippsland,Females,431
2018,December,East Gippsland,Males,"1,406"
2018,December,Frankston,Females,"1,197"
2018,December,Frankston,Males,"3,914"
2018,December,Gannawarra,Females,53
2018,December,Gannawarra,Males,229
2018,December,Glen Eira,Females,323
2018,December,Glen Eira,Males,"1,300"
2018,December,Glenelg,Females,152
2018,December,Glenelg,Males,406
2018,December,Golden Plains,Females,25
2018,December,Golden Plains,Males,138
2018,December,Greater Bendigo,Females,787
2018,December,Greater Bendigo,Males,"2,808"
2018,December,Greater Dandenong,Females,"1,216"
2018,December,Greater Dandenong,Males,"4,800"
2018,December,Greater Geelong,Females,"1,367"
2018,December,Greater Geelong,Males,"4,918"
2018,December,Greater Shepparton,Females,654
2018,December,Greater Shepparton,Males,"2,363"
2018,December,Hepburn,Females,54
2018,December,Hepburn,Males,160
2018,December,Hindmarsh,Females,29
2018,December,Hindmarsh,Males,116
2018,December,Hobsons Bay,Females,331
2018,December,Hobsons Bay,Males,"1,761"
2018,December,Horsham,Females,221
2018,December,Horsham,Males,648
2018,December,Hume,Females,"1,258"
2018,December,Hume,Males,"5,154"
2018,December,Indigo,Females,29
2018,December,Indigo,Males,109
2018,December,Kingston,Females,832
2018,December,Kingston,Males,"2,531"
2018,December,Knox,Females,725
2018,December,Knox,Males,"2,678"
2018,December,Latrobe,Females,"1,325"
2018,December,Latrobe,Males,"3,976"
2018,December,Loddon,Females,28
2018,December,Loddon,Males,148
2018,December,Macedon Ranges,Females,146
2018,December,Macedon Ranges,Males,600
2018,December,Manningham,Females,240
2018,December,Manningham,Males,902
2018,December,Mansfield,Females,34
2018,December,Mansfield,Males,118
2018,December,Maribyrnong,Females,437
2018,December,Maribyrnong,Males,"1,929"
2018,December,Maroondah,Females,632
2018,December,Maroondah,Males,"2,106"
2018,December,Melbourne,Females,"2,281"
2018,December,Melbourne,Males,"9,720"
2018,December,Melton,Females,634
2018,December,Melton,Males,"2,333"
2018,December,Merri-bek,Females,667
2018,December,Merri-bek,Males,"2,873"
2018,December,Mildura,Females,738
2018,December,Mildura,Males,"2,049"
2018,December,Mitchell,Females,309
2018,December,Mitchell,Males,"1,229"
2018,December,Moira,Females,120
2018,December,Moira,Males,649
2018,December,Monash,Females,513
2018,December,Monash,Males,"2,060"
2018,December,Moonee Valley,Females,435
2018,December,Moonee Valley,Males,"1,919"
2018,December,Moorabool,Females,139
2018,December,Moorabool,Males,605
2018,December,Mornington Peninsula,Females,691
2018,December,Mornington Peninsula,Males,"2,994"
2018,December,Mount Alexander,Females,81
2018,December,Mount Alexander,Males,248
2018,December,Moyne,Females,36
2018,December,Moyne,Males,163
2018,December,Murrindindi,Females,50
2018,December,Murrindindi,Males,220
2018,December,Nillumbik,Females,102
2018,December,Nillumbik,Males,535
2018,December,Northern Grampians,Females,79
2018,December,Northern Grampians,Males,331
2018,December,Port Phillip,Females,652
2018,December,Port Phillip,Males,"2,649"
2018,December,Pyrenees,Females,30
2018,December,Pyrenees,Males,97
2018,December,Queenscliffe,Females,6
2018,December,Queenscliffe,Males,26
2018,December,South Gippsland,Females,94
2018,December,South Gippsland,Males,450
2018,December,Southern Grampians,Females,152
2018,December,Southern Grampians,Males,527
2018,December,Stonnington,Females,660
2018,December,Stonnington,Males,"2,382"
2018,December,Strathbogie,Females,44
2018,December,Strathbogie,Males,167
2018,December,Surf Coast,Females,54
2018,December,Surf Coast,Males,281
2018,December,Swan Hill,Females,241
2018,December,Swan Hill,Males,793
2018,December,Towong,Females,10
2018,December,Towong,Males,66
2018,December,Wangaratta,Females,236
2018,December,Wangaratta,Males,751
2018,December,Warrnambool,Females,415
2018,December,Warrnambool,Males,"1,255"
2018,December,Wellington,Females,357
2018,December,Wellington,Males,"1,169"
2018,December,West Wimmera,Females,8
2018,December,West Wimmera,Males,58
2018,December,Whitehorse,Females,490
2018,December,Whitehorse,Males,"1,675"
2018,December,Whittlesea,Females,"1,209"
2018,December,Whittlesea,Males,"3,594"
2018,December,Wodonga,Females,284
2018,December,Wodonga,Males,926
2018,December,Wyndham,Females,927
2018,December,Wyndham,Males,"3,666"
2018,December,Yarra,Females,595
2018,December,Yarra,Males,"2,641"
2018,December,Yarra Ranges,Females,467
2018,December,Yarra Ranges,Males,"2,038"
2018,December,Yarriambiack,Females,36
2018,December,Yarriambiack,Males,123
2017,December,Alpine,Females,40
2017,December,Alpine,Males,152
2017,December,Ararat,Females,99
2017,December,Ararat,Males,358
2017,December,Ballarat,Females,715
2017,December,Ballarat,Males,"2,524"
2017,December,Banyule,Females,665
2017,December,Banyule,Males,"2,251"
2017,December,Bass Coast,Females,263
2017,December,Bass Coast,Males,789
2017,December,Baw Baw,Females,283
2017,December,Baw Baw,Males,"1,062"
2017,December,Bayside,Females,300
2017,December,Bayside,Males,"1,045"
2017,December,Benalla,Females,115
2017,December,Benalla,Males,382
2017,December,Boroondara,Females,308
2017,December,Boroondara,Males,"1,513"
2017,December,Brimbank,Females,980
2017,December,Brimbank,Males,"4,190"
2017,December,Buloke,Females,10
2017,December,Buloke,Males,62
2017,December,Campaspe,Females,263
2017,December,Campaspe,Males,895
2017,December,Cardinia,Females,333
2017,December,Cardinia,Males,"1,492"
2017,December,Casey,Females,"1,261"
2017,December,Casey,Males,"5,176"
2017,December,Central Goldfields,Females,117
2017,December,Central Goldfields,Males,411
2017,December,Colac-Otway,Females,93
2017,December,Colac-Otway,Males,531
2017,December,Corangamite,Females,70
2017,December,Corangamite,Males,314
2017,December,Darebin,Females,856
2017,December,Darebin,Males,"2,873"
2017,December,East Gippsland,Females,430
2017,December,East Gippsland,Males,"1,310"
2017,December,Frankston,Females,"1,226"
2017,December,Frankston,Males,"4,084"
2017,December,Gannawarra,Females,48
2017,December,Gannawarra,Males,207
2017,December,Glen Eira,Females,337
2017,December,Glen Eira,Males,"1,484"
2017,December,Glenelg,Females,143
2017,December,Glenelg,Males,548
2017,December,Golden Plains,Females,23
2017,December,Golden Plains,Males,181
2017,December,Greater Bendigo,Females,807
2017,December,Greater Bendigo,Males,"2,738"
2017,December,Greater Dandenong,Females,"1,170"
2017,December,Greater Dandenong,Males,"4,986"
2017,December,Greater Geelong,Females,"1,356"
2017,December,Greater Geelong,Males,"4,890"
2017,December,Greater Shepparton,Females,626
2017,December,Greater Shepparton,Males,"2,372"
2017,December,Hepburn,Females,46
2017,December,Hepburn,Males,192
2017,December,Hindmarsh,Females,20
2017,December,Hindmarsh,Males,114
2017,December,Hobsons Bay,Females,342
2017,December,Hobsons Bay,Males,"1,488"
2017,December,Horsham,Females,224
2017,December,Horsham,Males,688
2017,December,Hume,Females,"1,103"
2017,December,Hume,Males,"4,667"
2017,December,Indigo,Females,22
2017,December,Indigo,Males,139
2017,December,Kingston,Females,655
2017,December,Kingston,Males,"2,529"
2017,December,Knox,Females,724
2017,December,Knox,Males,"2,660"
2017,December,Latrobe,Females,"1,289"
2017,December,Latrobe,Males,"3,979"
2017,December,Loddon,Females,23
2017,December,Loddon,Males,112
2017,December,Macedon Ranges,Females,104
2017,December,Macedon Ranges,Males,589
2017,December,Manningham,Females,235
2017,December,Manningham,Males,"1,040"
2017,December,Mansfield,Females,30
2017,December,Mansfield,Males,197
2017,December,Maribyrnong,Females,410
2017,December,Maribyrnong,Males,"1,848"
2017,December,Maroondah,Females,563
2017,December,Maroondah,Males,"2,277"
2017,December,Melbourne,Females,"2,291"
2017,December,Melbourne,Males,"8,945"
2017,December,Melton,Females,640
2017,December,Melton,Males,"2,361"
2017,December,Merri-bek,Females,646
2017,December,Merri-bek,Males,"2,626"
2017,December,Mildura,Females,613
2017,December,Mildura,Males,"2,100"
2017,December,Mitchell,Females,320
2017,December,Mitchell,Males,"1,221"
2017,December,Moira,Females,156
2017,December,Moira,Males,658
2017,December,Monash,Females,526
2017,December,Monash,Males,"2,128"
2017,December,Moonee Valley,Females,431
2017,December,Moonee Valley,Males,"1,932"
2017,December,Moorabool,Females,159
2017,December,Moorabool,Males,577
2017,December,Mornington Peninsula,Females,740
2017,December,Mornington Peninsula,Males,"3,324"
2017,December,Mount Alexander,Females,81
2017,December,Mount Alexander,Males,275
2017,December,Moyne,Females,60
2017,December,Moyne,Males,168
2017,December,Murrindindi,Females,34
2017,December,Murrindindi,Males,232
2017,December,Nillumbik,Females,128
2017,December,Nillumbik,Males,597
2017,December,Northern Grampians,Females,95
2017,December,Northern Grampians,Males,468
2017,December,Port Phillip,Females,628
2017,December,Port Phillip,Males,"2,656"
2017,December,Pyrenees,Females,24
2017,December,Pyrenees,Males,114
2017,December,Queenscliffe,Females,5
2017,December,Queenscliffe,Males,27
2017,December,South Gippsland,Females,79
2017,December,South Gippsland,Males,458
2017,December,Southern Grampians,Females,144
2017,December,Southern Grampians,Males,402
2017,December,Stonnington,Females,579
2017,December,Stonnington,Males,"2,358"
2017,December,Strathbogie,Females,30
2017,December,Strathbogie,Males,166
2017,December,Surf Coast,Females,57
2017,December,Surf Coast,Males,343
2017,December,Swan Hill,Females,213
2017,December,Swan Hill,Males,864
2017,December,Towong,Females,10
2017,December,Towong,Males,74
2017,December,Wangaratta,Females,215
2017,December,Wangaratta,Males,851
2017,December,Warrnambool,Females,393
2017,December,Warrnambool,Males,"1,165"
2017,December,Wellington,Females,345
2017,December,Wellington,Males,"1,056"
2017,December,West Wimmera,Females,13
2017,December,West Wimmera,Males,50
2017,December,Whitehorse,Females,395
2017,December,Whitehorse,Males,"1,733"
2017,December,Whittlesea,Females,904
2017,December,Whittlesea,Males,"3,504"
2017,December,Wodonga,Females,326
2017,December,Wodonga,Males,961
2017,December,Wyndham,Females,820
2017,December,Wyndham,Males,"3,557"
2017,December,Yarra,Females,607
2017,December,Yarra,Males,"2,680"
2017,December,Yarra Ranges,Females,459
2017,December,Yarra Ranges,Males,"2,121"
2017,December,Yarriambiack,Females,38
2017,December,Yarriambiack,Males,117
2016,December,Alpine,Females,33
2016,December,Alpine,Males,114
2016,December,Ararat,Females,116
2016,December,Ararat,Males,389
2016,December,Ballarat,Females,615
2016,December,Ballarat,Males,"2,630"
2016,December,Banyule,Females,570
2016,December,Banyule,Males,"2,010"
2016,December,Bass Coast,Females,216
2016,December,Bass Coast,Males,846
2016,December,Baw Baw,Females,312
2016,December,Baw Baw,Males,"1,178"
2016,December,Bayside,Females,243
2016,December,Bayside,Males,"1,046"
2016,December,Benalla,Females,112
2016,December,Benalla,Males,422
2016,December,Boroondara,Females,300
2016,December,Boroondara,Males,"1,616"
2016,December,Brimbank,Females,"1,078"
2016,December,Brimbank,Males,"4,423"
2016,December,Buloke,Females,19
2016,December,Buloke,Males,55
2016,December,Campaspe,Females,276
2016,December,Campaspe,Males,965
2016,December,Cardinia,Females,388
2016,December,Cardinia,Males,"1,793"
2016,December,Casey,Females,"1,315"
2016,December,Casey,Males,"5,395"
2016,December,Central Goldfields,Females,121
2016,December,Central Goldfields,Males,420
2016,December,Colac-Otway,Females,153
2016,December,Colac-Otway,Males,556
2016,December,Corangamite,Females,41
2016,December,Corangamite,Males,260
2016,December,Darebin,Females,907
2016,December,Darebin,Males,"3,153"
2016,December,East Gippsland,Females,347
2016,December,East Gippsland,Males,"1,349"
2016,December,Frankston,Females,"1,364"
2016,December,Frankston,Males,"4,448"
2016,December,Gannawarra,Females,60
2016,December,Gannawarra,Males,201
2016,December,Glen Eira,Females,353
2016,December,Glen Eira,Males,"1,495"
2016,December,Glenelg,Females,183
2016,December,Glenelg,Males,505
2016,December,Golden Plains,Females,35
2016,December,Golden Plains,Males,168
2016,December,Greater Bendigo,Females,795
2016,December,Greater Bendigo,Males,"2,719"
2016,December,Greater Dandenong,Females,"1,171"
2016,December,Greater Dandenong,Males,"5,038"
2016,December,Greater Geelong,Females,"1,312"
2016,December,Greater Geelong,Males,"5,064"
2016,December,Greater Shepparton,Females,632
2016,December,Greater Shepparton,Males,"2,305"
2016,December,Hepburn,Females,45
2016,December,Hepburn,Males,191
2016,December,Hindmarsh,Females,15
2016,December,Hindmarsh,Males,98
2016,December,Hobsons Bay,Females,373
2016,December,Hobsons Bay,Males,"1,703"
2016,December,Horsham,Females,279
2016,December,Horsham,Males,820
2016,December,Hume,Females,"1,161"
2016,December,Hume,Males,"4,918"
2016,December,Indigo,Females,23
2016,December,Indigo,Males,192
2016,December,Kingston,Females,677
2016,December,Kingston,Males,"2,695"
2016,December,Knox,Females,587
2016,December,Knox,Males,"2,653"
2016,December,Latrobe,Females,"1,260"
2016,December,Latrobe,Males,"4,019"
2016,December,Loddon,Females,39
2016,December,Loddon,Males,130
2016,December,Macedon Ranges,Females,120
2016,December,Macedon Ranges,Males,640
2016,December,Manningham,Females,241
2016,December,Manningham,Males,931
2016,December,Mansfield,Females,41
2016,December,Mansfield,Males,210
2016,December,Maribyrnong,Females,457
2016,December,Maribyrnong,Males,"2,102"
2016,December,Maroondah,Females,498
2016,December,Maroondah,Males,"2,274"
2016,December,Melbourne,Females,"2,285"
2016,December,Melbourne,Males,"9,331"
2016,December,Melton,Females,621
2016,December,Melton,Males,"2,534"
2016,December,Merri-bek,Females,635
2016,December,Merri-bek,Males,"2,809"
2016,December,Mildura,Females,527
2016,December,Mildura,Males,"2,112"
2016,December,Mitchell,Females,322
2016,December,Mitchell,Males,"1,254"
2016,December,Moira,Females,117
2016,December,Moira,Males,619
2016,December,Monash,Females,524
2016,December,Monash,Males,"2,243"
2016,December,Moonee Valley,Females,457
2016,December,Moonee Valley,Males,"2,065"
2016,December,Moorabool,Females,164
2016,December,Moorabool,Males,644
2016,December,Mornington Peninsula,Females,713
2016,December,Mornington Peninsula,Males,"3,445"
2016,December,Mount Alexander,Females,69
2016,December,Mount Alexander,Males,392
2016,December,Moyne,Females,43
2016,December,Moyne,Males,179
2016,December,Murrindindi,Females,36
2016,December,Murrindindi,Males,201
2016,December,Nillumbik,Females,97
2016,December,Nillumbik,Males,658
2016,December,Northern Grampians,Females,98
2016,December,Northern Grampians,Males,439
2016,December,Port Phillip,Females,601
2016,December,Port Phillip,Males,"2,452"
2016,December,Pyrenees,Females,19
2016,December,Pyrenees,Males,114
2016,December,Queenscliffe,Females,
2016,December,Queenscliffe,Males,
2016,December,South Gippsland,Females,81
2016,December,South Gippsland,Males,512
2016,December,Southern Grampians,Females,127
2016,December,Southern Grampians,Males,409
2016,December,Stonnington,Females,573
2016,December,Stonnington,Males,"2,264"
2016,December,Strathbogie,Females,25
2016,December,Strathbogie,Males,193
2016,December,Surf Coast,Females,72
2016,December,Surf Coast,Males,313
2016,December,Swan Hill,Females,233
2016,December,Swan Hill,Males,776
2016,December,Towong,Females,14
2016,December,Towong,Males,97
2016,December,Wangaratta,Females,185
2016,December,Wangaratta,Males,832
2016,December,Warrnambool,Females,322
2016,December,Warrnambool,Males,981
2016,December,Wellington,Females,341
2016,December,Wellington,Males,"1,359"
2016,December,West Wimmera,Females,11
2016,December,West Wimmera,Males,46
2016,December,Whitehorse,Females,374
2016,December,Whitehorse,Males,"1,579"
2016,December,Whittlesea,Females,867
2016,December,Whittlesea,Males,"3,374"
2016,December,Wodonga,Females,295
2016,December,Wodonga,Males,"1,060"
2016,December,Wyndham,Females,819
2016,December,Wyndham,Males,"3,511"
2016,December,Yarra,Females,582
2016,December,Yarra,Males,"2,822"
2016,December,Yarra Ranges,Females,515
2016,December,Yarra Ranges,Males,"2,328"
2016,December,Yarriambiack,Females,34
2016,December,Yarriambiack,Males,148
2015,December,Alpine,Females,36
2015,December,Alpine,Males,184
2015,December,Ararat,Females,83
2015,December,Ararat,Males,384
2015,December,Ballarat,Females,603
2015,December,Ballarat,Males,"2,772"
2015,December,Banyule,Females,637
2015,December,Banyule,Males,"2,166"
2015,December,Bass Coast,Females,198
2015,December,Bass Coast,Males,835
2015,December,Baw Baw,Females,252
2015,December,Baw Baw,Males,"1,033"
2015,December,Bayside,Females,201
2015,December,Bayside,Males,"1,033"
2015,December,Benalla,Females,97
2015,December,Benalla,Males,352
2015,December,Boroondara,Females,266
2015,December,Boroondara,Males,"1,253"
2015,December,Brimbank,Females,997
2015,December,Brimbank,Males,"4,304"
2015,December,Buloke,Females,7
2015,December,Buloke,Males,74
2015,December,Campaspe,Females,194
2015,December,Campaspe,Males,880
2015,December,Cardinia,Females,402
2015,December,Cardinia,Males,"1,783"
2015,December,Casey,Females,"1,154"
2015,December,Casey,Males,"5,003"
2015,December,Central Goldfields,Females,107
2015,December,Central Goldfields,Males,357
2015,December,Colac-Otway,Females,127
2015,December,Colac-Otway,Males,513
2015,December,Corangamite,Females,43
2015,December,Corangamite,Males,167
2015,December,Darebin,Females,777
2015,December,Darebin,Males,"2,727"
2015,December,East Gippsland,Females,352
2015,December,East Gippsland,Males,"1,406"
2015,December,Frankston,Females,"1,180"
2015,December,Frankston,Males,"4,174"
2015,December,Gannawarra,Females,42
2015,December,Gannawarra,Males,204
2015,December,Glen Eira,Females,287
2015,December,Glen Eira,Males,"1,258"
2015,December,Glenelg,Females,126
2015,December,Glenelg,Males,511
2015,December,Golden Plains,Females,22
2015,December,Golden Plains,Males,138
2015,December,Greater Bendigo,Females,640
2015,December,Greater Bendigo,Males,"2,342"
2015,December,Greater Dandenong,Females,"1,180"
2015,December,Greater Dandenong,Males,"4,766"
2015,December,Greater Geelong,Females,"1,113"
2015,December,Greater Geelong,Males,"4,368"
2015,December,Greater Shepparton,Females,582
2015,December,Greater Shepparton,Males,"2,060"
2015,December,Hepburn,Females,32
2015,December,Hepburn,Males,162
2015,December,Hindmarsh,Females,10
2015,December,Hindmarsh,Males,100
2015,December,Hobsons Bay,Females,339
2015,December,Hobsons Bay,Males,"1,613"
2015,December,Horsham,Females,290
2015,December,Horsham,Males,878
2015,December,Hume,Females,"1,046"
2015,December,Hume,Males,"4,444"
2015,December,Indigo,Females,21
2015,December,Indigo,Males,113
2015,December,Kingston,Females,613
2015,December,Kingston,Males,"2,785"
2015,December,Knox,Females,590
2015,December,Knox,Males,"2,306"
2015,December,Latrobe,Females,"1,118"
2015,December,Latrobe,Males,"3,976"
2015,December,Loddon,Females,26
2015,December,Loddon,Males,111
2015,December,Macedon Ranges,Females,123
2015,December,Macedon Ranges,Males,489
2015,December,Manningham,Females,306
2015,December,Manningham,Males,842
2015,December,Mansfield,Females,21
2015,December,Mansfield,Males,123
2015,December,Maribyrnong,Females,515
2015,December,Maribyrnong,Males,"1,966"
2015,December,Maroondah,Females,514
2015,December,Maroondah,Males,"1,860"
2015,December,Melbourne,Females,"2,101"
2015,December,Melbourne,Males,"9,074"
2015,December,Melton,Females,518
2015,December,Melton,Males,"2,171"
2015,December,Merri-bek,Females,582
2015,December,Merri-bek,Males,"2,719"
2015,December,Mildura,Females,513
2015,December,Mildura,Males,"1,827"
2015,December,Mitchell,Females,298
2015,December,Mitchell,Males,"1,024"
2015,December,Moira,Females,119
2015,December,Moira,Males,503
2015,December,Monash,Females,406
2015,December,Monash,Males,"1,848"
2015,December,Moonee Valley,Females,435
2015,December,Moonee Valley,Males,"1,815"
2015,December,Moorabool,Females,146
2015,December,Moorabool,Males,557
2015,December,Mornington Peninsula,Females,617
2015,December,Mornington Peninsula,Males,"3,135"
2015,December,Mount Alexander,Females,54
2015,December,Mount Alexander,Males,313
2015,December,Moyne,Females,20
2015,December,Moyne,Males,172
2015,December,Murrindindi,Females,21
2015,December,Murrindindi,Males,214
2015,December,Nillumbik,Females,119
2015,December,Nillumbik,Males,544
2015,December,Northern Grampians,Females,67
2015,December,Northern Grampians,Males,401
2015,December,Port Phillip,Females,673
2015,December,Port Phillip,Males,"2,572"
2015,December,Pyrenees,Females,15
2015,December,Pyrenees,Males,105
2015,December,Queenscliffe,Females,
2015,December,Queenscliffe,Males,
2015,December,South Gippsland,Females,79
2015,December,South Gippsland,Males,342
2015,December,Southern Grampians,Females,57
2015,December,Southern Grampians,Males,335
2015,December,Stonnington,Females,514
2015,December,Stonnington,Males,"2,061"
2015,December,Strathbogie,Females,25
2015,December,Strathbogie,Males,118
2015,December,Surf Coast,Females,67
2015,December,Surf Coast,Males,273
2015,December,Swan Hill,Females,234
2015,December,Swan Hill,Males,831
2015,December,Towong,Females,20
2015,December,Towong,Males,54
2015,December,Wangaratta,Females,197
2015,December,Wangaratta,Males,827
2015,December,Warrnambool,Females,273
2015,December,Warrnambool,Males,852
2015,December,Wellington,Females,338
2015,December,Wellington,Males,"1,118"
2015,December,West Wimmera,Females,8
2015,December,West Wimmera,Males,49
2015,December,Whitehorse,Females,340
2015,December,Whitehorse,Males,"1,503"
2015,December,Whittlesea,Females,630
2015,December,Whittlesea,Males,"3,013"
2015,December,Wodonga,Females,335
2015,December,Wodonga,Males,"1,113"
2015,December,Wyndham,Females,666
2015,December,Wyndham,Males,"3,136"
2015,December,Yarra,Females,601
2015,December,Yarra,Males,"2,769"
2015,December,Yarra Ranges,Females,443
2015,December,Yarra Ranges,Males,"1,924"
2015,December,Yarriambiack,Females,47
2015,December,Yarriambiack,Males,126
2014,December,Alpine,Females,19
2014,December,Alpine,Males,145
2014,December,Ararat,Females,112
2014,December,Ararat,Males,409
2014,December,Ballarat,Females,643
2014,December,Ballarat,Males,"2,654"
2014,December,Banyule,Females,593
2014,December,Banyule,Males,"1,879"
2014,December,Bass Coast,Females,204
2014,December,Bass Coast,Males,"1,017"
2014,December,Baw Baw,Females,249
2014,December,Baw Baw,Males,979
2014,December,Bayside,Females,179
2014,December,Bayside,Males,924
2014,December,Benalla,Females,112
2014,December,Benalla,Males,323
2014,December,Boroondara,Females,231
2014,December,Boroondara,Males,"1,386"
2014,December,Brimbank,Females,887
2014,December,Brimbank,Males,"4,046"
2014,December,Buloke,Females,16
2014,December,Buloke,Males,68
2014,December,Campaspe,Females,175
2014,December,Campaspe,Males,839
2014,December,Cardinia,Females,308
2014,December,Cardinia,Males,"1,539"
2014,December,Casey,Females,987
2014,December,Casey,Males,"4,430"
2014,December,Central Goldfields,Females,76
2014,December,Central Goldfields,Males,373
2014,December,Colac-Otway,Females,116
2014,December,Colac-Otway,Males,457
2014,December,Corangamite,Females,39
2014,December,Corangamite,Males,167
2014,December,Darebin,Females,734
2014,December,Darebin,Males,"2,583"
2014,December,East Gippsland,Females,385
2014,December,East Gippsland,Males,"1,329"
2014,December,Frankston,Females,"1,168"
2014,December,Frankston,Males,"4,233"
2014,December,Gannawarra,Females,31
2014,December,Gannawarra,Males,218
2014,December,Glen Eira,Females,225
2014,December,Glen Eira,Males,"1,193"
2014,December,Glenelg,Females,92
2014,December,Glenelg,Males,507
2014,December,Golden Plains,Females,28
2014,December,Golden Plains,Males,104
2014,December,Greater Bendigo,Females,596
2014,December,Greater Bendigo,Males,"2,496"
2014,December,Greater Dandenong,Females,"1,019"
2014,December,Greater Dandenong,Males,"4,507"
2014,December,Greater Geelong,Females,940
2014,December,Greater Geelong,Males,"4,141"
2014,December,Greater Shepparton,Females,501
2014,December,Greater Shepparton,Males,"1,990"
2014,December,Hepburn,Females,34
2014,December,Hepburn,Males,195
2014,December,Hindmarsh,Females,15
2014,December,Hindmarsh,Males,68
2014,December,Hobsons Bay,Females,410
2014,December,Hobsons Bay,Males,"1,844"
2014,December,Horsham,Females,252
2014,December,Horsham,Males,688
2014,December,Hume,Females,947
2014,December,Hume,Males,"4,065"
2014,December,Indigo,Females,29
2014,December,Indigo,Males,136
2014,December,Kingston,Females,620
2014,December,Kingston,Males,"2,476"
2014,December,Knox,Females,569
2014,December,Knox,Males,"2,203"
2014,December,Latrobe,Females,988
2014,December,Latrobe,Males,"3,251"
2014,December,Loddon,Females,26
2014,December,Loddon,Males,98
2014,December,Macedon Ranges,Females,117
2014,December,Macedon Ranges,Males,561
2014,December,Manningham,Females,280
2014,December,Manningham,Males,881
2014,December,Mansfield,Females,25
2014,December,Mansfield,Males,145
2014,December,Maribyrnong,Females,526
2014,December,Maribyrnong,Males,"2,028"
2014,December,Maroondah,Females,461
2014,December,Maroondah,Males,"1,759"
2014,December,Melbourne,Females,"2,026"
2014,December,Melbourne,Males,"9,589"
2014,December,Melton,Females,415
2014,December,Melton,Males,"2,100"
2014,December,Merri-bek,Females,533
2014,December,Merri-bek,Males,"2,381"
2014,December,Mildura,Females,507
2014,December,Mildura,Males,"1,798"
2014,December,Mitchell,Females,199
2014,December,Mitchell,Males,810
2014,December,Moira,Females,126
2014,December,Moira,Males,470
2014,December,Monash,Females,403
2014,December,Monash,Males,"1,758"
2014,December,Moonee Valley,Females,372
2014,December,Moonee Valley,Males,"1,788"
2014,December,Moorabool,Females,123
2014,December,Moorabool,Males,474
2014,December,Mornington Peninsula,Females,610
2014,December,Mornington Peninsula,Males,"3,180"
2014,December,Mount Alexander,Females,60
2014,December,Mount Alexander,Males,269
2014,December,Moyne,Females,36
2014,December,Moyne,Males,192
2014,December,Murrindindi,Females,39
2014,December,Murrindindi,Males,248
2014,December,Nillumbik,Females,100
2014,December,Nillumbik,Males,477
2014,December,Northern Grampians,Females,113
2014,December,Northern Grampians,Males,328
2014,December,Port Phillip,Females,597
2014,December,Port Phillip,Males,"2,689"
2014,December,Pyrenees,Females,19
2014,December,Pyrenees,Males,105
2014,December,Queenscliffe,Females,10
2014,December,Queenscliffe,Males,36
2014,December,South Gippsland,Females,77
2014,December,South Gippsland,Males,367
2014,December,Southern Grampians,Females,70
2014,December,Southern Grampians,Males,364
2014,December,Stonnington,Females,479
2014,December,Stonnington,Males,"2,112"
2014,December,Strathbogie,Females,23
2014,December,Strathbogie,Males,135
2014,December,Surf Coast,Females,73
2014,December,Surf Coast,Males,350
2014,December,Swan Hill,Females,268
2014,December,Swan Hill,Males,773
2014,December,Towong,Females,10
2014,December,Towong,Males,93
2014,December,Wangaratta,Females,248
2014,December,Wangaratta,Males,861
2014,December,Warrnambool,Females,177
2014,December,Warrnambool,Males,784
2014,December,Wellington,Females,287
2014,December,Wellington,Males,"1,054"
2014,December,West Wimmera,Females,6
2014,December,West Wimmera,Males,36
2014,December,Whitehorse,Females,339
2014,December,Whitehorse,Males,"1,408"
2014,December,Whittlesea,Females,630
2014,December,Whittlesea,Males,"2,950"
2014,December,Wodonga,Females,281
2014,December,Wodonga,Males,953
2014,December,Wyndham,Females,585
2014,December,Wyndham,Males,"2,997"
2014,December,Yarra,Females,582
2014,December,Yarra,Males,"3,059"
2014,December,Yarra Ranges,Females,496
2014,December,Yarra Ranges,Males,"1,866"
2014,December,Yarriambiack,Females,18
2014,December,Yarriambiack,Males,80
2013,December,Alpine,Females,27
2013,December,Alpine,Males,178
2013,December,Ararat,Females,105
2013,December,Ararat,Males,395
2013,December,Ballarat,Females,585
2013,December,Ballarat,Males,"2,345"
2013,December,Banyule,Females,525
2013,December,Banyule,Males,"1,783"
2013,December,Bass Coast,Females,215
2013,December,Bass Coast,Males,857
2013,December,Baw Baw,Females,204
2013,December,Baw Baw,Males,990
2013,December,Bayside,Females,163
2013,December,Bayside,Males,926
2013,December,Benalla,Females,97
2013,December,Benalla,Males,331
2013,December,Boroondara,Females,271
2013,December,Boroondara,Males,"1,361"
2013,December,Brimbank,Females,"1,047"
2013,December,Brimbank,Males,"4,322"
2013,December,Buloke,Females,17
2013,December,Buloke,Males,74
2013,December,Campaspe,Females,152
2013,December,Campaspe,Males,703
2013,December,Cardinia,Females,290
2013,December,Cardinia,Males,"1,535"
2013,December,Casey,Females,"1,195"
2013,December,Casey,Males,"4,241"
2013,December,Central Goldfields,Females,73
2013,December,Central Goldfields,Males,413
2013,December,Colac-Otway,Females,97
2013,December,Colac-Otway,Males,459
2013,December,Corangamite,Females,47
2013,December,Corangamite,Males,173
2013,December,Darebin,Females,701
2013,December,Darebin,Males,"2,475"
2013,December,East Gippsland,Females,333
2013,December,East Gippsland,Males,"1,490"
2013,December,Frankston,Females,"1,223"
2013,December,Frankston,Males,"4,366"
2013,December,Gannawarra,Females,47
2013,December,Gannawarra,Males,177
2013,December,Glen Eira,Females,275
2013,December,Glen Eira,Males,"1,180"
2013,December,Glenelg,Females,108
2013,December,Glenelg,Males,501
2013,December,Golden Plains,Females,26
2013,December,Golden Plains,Males,87
2013,December,Greater Bendigo,Females,628
2013,December,Greater Bendigo,Males,"2,275"
2013,December,Greater Dandenong,Females,"1,259"
2013,December,Greater Dandenong,Males,"4,675"
2013,December,Greater Geelong,Females,914
2013,December,Greater Geelong,Males,"3,990"
2013,December,Greater Shepparton,Females,467
2013,December,Greater Shepparton,Males,"1,953"
2013,December,Hepburn,Females,23
2013,December,Hepburn,Males,178
2013,December,Hindmarsh,Females,28
2013,December,Hindmarsh,Males,111
2013,December,Hobsons Bay,Females,340
2013,December,Hobsons Bay,Males,"1,662"
2013,December,Horsham,Females,200
2013,December,Horsham,Males,628
2013,December,Hume,Females,870
2013,December,Hume,Males,"3,674"
2013,December,Indigo,Females,29
2013,December,Indigo,Males,152
2013,December,Kingston,Females,691
2013,December,Kingston,Males,"2,571"
2013,December,Knox,Females,651
2013,December,Knox,Males,"2,129"
2013,December,Latrobe,Females,966
2013,December,Latrobe,Males,"3,298"
2013,December,Loddon,Females,34
2013,December,Loddon,Males,104
2013,December,Macedon Ranges,Females,104
2013,December,Macedon Ranges,Males,551
2013,December,Manningham,Females,301
2013,December,Manningham,Males,841
2013,December,Mansfield,Females,13
2013,December,Mansfield,Males,113
2013,December,Maribyrnong,Females,598
2013,December,Maribyrnong,Males,"2,251"
2013,December,Maroondah,Females,467
2013,December,Maroondah,Males,"1,800"
2013,December,Melbourne,Females,"2,006"
2013,December,Melbourne,Males,"10,519"
2013,December,Melton,Females,349
2013,December,Melton,Males,"1,832"
2013,December,Merri-bek,Females,507
2013,December,Merri-bek,Males,"2,288"
2013,December,Mildura,Females,437
2013,December,Mildura,Males,"1,778"
2013,December,Mitchell,Females,149
2013,December,Mitchell,Males,726
2013,December,Moira,Females,121
2013,December,Moira,Males,454
2013,December,Monash,Females,395
2013,December,Monash,Males,"1,635"
2013,December,Moonee Valley,Females,404
2013,December,Moonee Valley,Males,"1,789"
2013,December,Moorabool,Females,81
2013,December,Moorabool,Males,463
2013,December,Mornington Peninsula,Females,484
2013,December,Mornington Peninsula,Males,"2,802"
2013,December,Mount Alexander,Females,60
2013,December,Mount Alexander,Males,258
2013,December,Moyne,Females,28
2013,December,Moyne,Males,148
2013,December,Murrindindi,Females,33
2013,December,Murrindindi,Males,248
2013,December,Nillumbik,Females,91
2013,December,Nillumbik,Males,485
2013,December,Northern Grampians,Females,95
2013,December,Northern Grampians,Males,302
2013,December,Port Phillip,Females,614
2013,December,Port Phillip,Males,"2,682"
2013,December,Pyrenees,Females,17
2013,December,Pyrenees,Males,73
2013,December,Queenscliffe,Females,
2013,December,Queenscliffe,Males,
2013,December,South Gippsland,Females,65
2013,December,South Gippsland,Males,372
2013,December,Southern Grampians,Females,94
2013,December,Southern Grampians,Males,425
2013,December,Stonnington,Females,646
2013,December,Stonnington,Males,"2,145"
2013,December,Strathbogie,Females,20
2013,December,Strathbogie,Males,175
2013,December,Surf Coast,Females,55
2013,December,Surf Coast,Males,345
2013,December,Swan Hill,Females,197
2013,December,Swan Hill,Males,672
2013,December,Towong,Females,10
2013,December,Towong,Males,91
2013,December,Wangaratta,Females,215
2013,December,Wangaratta,Males,845
2013,December,Warrnambool,Females,217
2013,December,Warrnambool,Males,851
2013,December,Wellington,Females,280
2013,December,Wellington,Males,987
2013,December,West Wimmera,Females,11
2013,December,West Wimmera,Males,69
2013,December,Whitehorse,Females,427
2013,December,Whitehorse,Males,"1,411"
2013,December,Whittlesea,Females,653
2013,December,Whittlesea,Males,"2,645"
2013,December,Wodonga,Females,201
2013,December,Wodonga,Males,868
2013,December,Wyndham,Females,689
2013,December,Wyndham,Males,"2,808"
2013,December,Yarra,Females,517
2013,December,Yarra,Males,"2,705"
2013,December,Yarra Ranges,Females,340
2013,December,Yarra Ranges,Males,"1,815"
2013,December,Yarriambiack,Females,21
2013,December,Yarriambiack,Males,111